,0,1
0,raw,"{
    ""product_name"": ""Nuzest Promixx 700ml Shaker 700ml"",
    ""product_info"": ""Promixx is a delicious and convenient way to support your overall health and wellbeing. Made with a unique blend of plant-based ingredients, Promixx is a complete protein powder that is easy to digest and can be used as a supplement to support muscle growth and repair."",
    ""product_detail"": ""700ml Shaker""
}

Note: The final answer is a structured data file in JSON format, containing the scraped data from the website."
1,pydantic,
2,json_dict,
3,tasks_output,"[TaskOutput(description='Your objective is to scrape the necessary data from the provided website URL. The data you collect should be relevant to the purpose specified below and must be accurate and well-structured.\n\nSteps:\n\nNavigate to the URL: Use the provided URL to access the website.https://www.planetorganic.com/products/nuzest-promixx-700ml-shaker-700ml\nIdentify Key Data Elements: Determine the specific data that needs to be extracted based on the provided requirements. This could include text, images, tables, or any other content visible on the page.\nScrape the Data: Efficiently extract the identified data while ensuring no crucial information is missed. If the website requires interaction (e.g., clicking, scrolling), make sure to handle these appropriately.\n', summary='Your objective is to scrape the necessary data from the...', raw='{\n    ""product_name"": ""Nuzest Promixx 700ml Shaker 700ml"",\n    ""product_info"": ""Promixx is a delicious and convenient way to support your overall health and wellbeing. Made with a unique blend of plant-based ingredients, Promixx is a complete protein powder that is easy to digest and can be used as a supplement to support muscle growth and repair."",\n    ""product_detail"": ""700ml Shaker""\n}\n\nNote: The final answer is a structured data file in JSON format, containing the scraped data from the website.', pydantic=None, json_dict=None, agent='Scrape Website Agent', output_format=<OutputFormat.RAW: 'raw'>)]"
4,token_usage,total_tokens=12963 prompt_tokens=12385 completion_tokens=578 successful_requests=9
